{
    "Agudos, São Paulo": 550000.0,
    "Alto Higienópolis, Bauru": 1165876.6147859923,
    "Arroio Grande, Santa Cruz do Sul": 529000.0,
    "Baeta Neves, São Bernardo do Campo": 834500.0,
    "Barreiro, Araçoiaba da Serra": 995290.0,
    "Batistini, São Bernardo do Campo": 850000.0,
    "Bauru, São Paulo": 15386907.076124568,
    "Bela Vista, Santo André": 420000.0,
    "Canudos, Novo Hamburgo": 357600.0,
    "Centro, Bauru": 12340443.529411765,
    "Centro, Duartina": 450000.0,
    "Centro, Piratininga": 1580000.0,
    "Centro, Vinhedo": 2150000.0,
    "Chácara São João, Bauru": 399700.0,
    "Chácara das Flores, Bauru": 360540.0,
    "Chácaras Bauruenses, Bauru": 1350000.0,
    "Chácaras Cornélia, Bauru": 924436.5,
    "Chácaras Odete, Bauru": 1633333.3333333333,
    "Cibratel II, Itanhaém": 549220.0,
    "Cidade Jardim, Bauru": 701646.6666666666,
    "Condominio Jardim Paulista II, Vinhedo": 2750000.0,
    "Condomínio Estância Marambaia, Vinhedo": 1750000.0,
    "Conjunto Habitacional Engenheiro Otávio Rasi, Bauru": 296666.6666666667,
    "Conjunto Habitacional Isaura Pitta Garms, Bauru": 359167.95,
    "Conjunto Habitacional Joaquim Guilherme de Oliveira, Bauru": 276453.8461538461,
    "Conjunto Habitacional Nossa Senhora Aparecida, Araçatuba": 228000.0,
    "Conjunto Habitacional Pastor Arlindo Lopes Viana, Bauru": 387596.36363636365,
    "Conjunto Habitacional Presidente Eurico Gaspar Dutra, Bauru": 316690.78571428574,
    "Conjunto Habitacional Primavera, Bauru": 319170.0,
    "Distrito Industrial Domingos Biancardi, Bauru": 350224.28571428574,
    "Estância Balneária Águas Virtuosas, Bauru": 1664600.0,
    "Estância Santa Cruz, Peruíbe": 136778.4,
    "Ferradura Mirim, Bauru": 140000.0,
    "Fundação Casas Populares Salvador Filardi, Bauru": 223979.8,
    "Graça, Belo Horizonte": 655800.0,
    "Itanhaém, São Paulo": 253333.33333333334,
    "Itaum, Joinville": 245000.0,
    "Jardim Aeroporto, Bauru": 876138.1818181818,
    "Jardim Alvorada, Bauru": 379475.3846153846,
    "Jardim Amália, Bauru": 1085000.0,
    "Jardim América, Bauru": 902439.8648648649,
    "Jardim Andorfato, Bauru": 257923.33333333334,
    "Jardim Araruna, Bauru": 316050.0,
    "Jardim Auri Verde, Bauru": 1153333.3333333333,
    "Jardim Barueri, Barueri": 8900000.0,
    "Jardim Bela Vista, Bauru": 520996.43209876545,
    "Jardim Bela Vista, Guarulhos": 526000.0,
    "Jardim Bom Samaritano, Bauru": 396742.0,
    "Jardim Brasil, Bauru": 667044.0,
    "Jardim Carvalho, Bauru": 540000.0,
    "Jardim Cecap, Bauru": 270515.0,
    "Jardim Chapadão, Bauru": 315135.55555555556,
    "Jardim Cibratel, Itanhaém": 478830.0,
    "Jardim Colonial, Bauru": 1286197.4576271186,
    "Jardim Contorno, Bauru": 590000.0,
    "Jardim Coral, Bauru": 307500.0,
    "Jardim Cruzeiro do Sul, Bauru": 591760.4255319149,
    "Jardim Dona Lili, Bauru": 424763.9090909091,
    "Jardim Dona Sarah, Bauru": 1322500.0,
    "Jardim Eldorado, Bauru": 281556.55555555556,
    "Jardim Esplanada, Bauru": 590000.0,
    "Jardim Estoril II, Bauru": 1888303.3333333333,
    "Jardim Estoril III, Bauru": 1127162.7272727273,
    "Jardim Estoril IV, Bauru": 1295663.5714285714,
    "Jardim Estoril, Bauru": 986906.7307692308,
    "Jardim Eugênia, Bauru": 386731.4285714286,
    "Jardim Europa, Bauru": 640750.0,
    "Jardim Ferraz, Bauru": 429783.1935483871,
    "Jardim Flórida, Bauru": 581092.9411764706,
    "Jardim Fonte do Castelo, Bauru": 364135.0,
    "Jardim Gaivota, Bauru": 367175.0,
    "Jardim Gerson França, Bauru": 343874.5833333333,
    "Jardim Godoy, Bauru": 215250.0,
    "Jardim Guadalajara, Bauru": 430000.0,
    "Jardim Haydee, Mauá": 800000.0,
    "Jardim Helena, Bauru": 288352.5,
    "Jardim Hojas, Bauru": 699537.5,
    "Jardim Infante Dom Henrique, Bauru": 1323333.3333333333,
    "Jardim Ivone, Bauru": 170370.46666666667,
    "Jardim Jandira, Bauru": 339115.0,
    "Jardim José Kalil, Bauru": 343682.5,
    "Jardim Marabá, Bauru": 1321505.0,
    "Jardim Marambá, Bauru": 698659.0476190476,
    "Jardim Marilu, Bauru": 207010.0,
    "Jardim Marília, Bauru": 328831.45454545453,
    "Jardim Mendonça, Bauru": 290000.0,
    "Jardim Nasralla, Bauru": 494500.0,
    "Jardim Nicéia, Bauru": 221354.0,
    "Jardim Nova Bauru, Bauru": 358625.0,
    "Jardim Nova Esperança, Bauru": 236919.0,
    "Jardim Olímpico, Bauru": 376334.8387096774,
    "Jardim Ouro Verde, Bauru": 350808.51851851854,
    "Jardim Panorama, Bauru": 618234.7619047619,
    "Jardim Paulista, Atibaia": 860000.0,
    "Jardim Paulista, Bauru": 1554014.1666666667,
    "Jardim Petrópolis, Bauru": 369431.2,
    "Jardim Proença, Campinas": 511750.0,
    "Jardim Progresso, Bauru": 330666.6666666667,
    "Jardim Prudência, Bauru": 288497.0,
    "Jardim Redentor, Bauru": 343599.23076923075,
    "Jardim Rosa Branca, Bauru": 305000.0,
    "Jardim Rosas do Sul, Bauru": 600000.0,
    "Jardim Saira, Sorocaba": 700000.0,
    "Jardim Santana, Bauru": 498452.5,
    "Jardim Santos Dumont, Bauru": 4150000.0,
    "Jardim Shangri-Lá, Bauru": 2516347.5675675673,
    "Jardim Silvestri II, Bauru": 381250.0,
    "Jardim Silvestri, Bauru": 472666.6666666667,
    "Jardim Solange, Bauru": 516538.19444444444,
    "Jardim TV, Bauru": 291122.85714285716,
    "Jardim Terra Branca, Bauru": 622106.0416666666,
    "Jardim Vitória, Bauru": 374716.6666666667,
    "Jardim Vânia Maria, Bauru": 400110.1818181818,
    "Jardim das Orquídeas, Bauru": 263843.375,
    "Jardim de Allah, Bauru": 635683.8,
    "Jardim do Lago, Atibaia": 872931.6666666666,
    "Jardim dos Pereiras (Caucaia do Alto), Cotia": 900000.0,
    "Madureira, Bauru": 379542.85714285716,
    "Nova Itanhaém, Itanhaém": 170000.0,
    "Novo Jardim Pagani, Bauru": 563572.6315789474,
    "Núcleo Eldorado, Bauru": 452872.0,
    "Núcleo Habitacional Fortunato Rocha Lima, Bauru": 164240.0,
    "Núcleo Habitacional José Regino, Bauru": 302072.14285714284,
    "Núcleo Habitacional Mary Dota, Bauru": 359570.0,
    "Núcleo Habitacional Nobuji Nagasawa, Bauru": 272916.4285714286,
    "Núcleo Habitacional Vanuire, Bauru": 269210.0,
    "Núcleo Habitacional Vereador Edson Francisco da Silva, Bauru": 224454.2857142857,
    "Núcleo Residencial Alto Alegre, Bauru": 277017.14285714284,
    "Núcleo Residencial Beija-Flor, Bauru": 252048.42105263157,
    "Núcleo Residencial Edison Bastos Gasparini, Bauru": 217378.33333333334,
    "Núcleo Residencial Perdizes, Bauru": 329285.71428571426,
    "Núcleo Residencial Presidente Geisel, Bauru": 396190.0,
    "Pacaembu, São Paulo": 3936636.3636363638,
    "Parque Alto Sumaré, Bauru": 469600.0,
    "Parque Bauru, Bauru": 284449.125,
    "Parque City, Bauru": 262710.0,
    "Parque Floresta, Bauru": 829580.0,
    "Parque Giansante, Bauru": 186666.66666666666,
    "Parque Hipódromo, Bauru": 393852.0,
    "Parque Industrial Manchester, Bauru": 124703.83333333333,
    "Parque Jaraguá, Bauru": 224029.3777777778,
    "Parque Jardim Europa, Bauru": 779855.1063829787,
    "Parque Júlio Nóbrega, Bauru": 347615.3846153846,
    "Parque Paulista, Bauru": 304053.6923076923,
    "Parque Paulistano, Bauru": 604667.5,
    "Parque Primavera, Bauru": 252777.33333333334,
    "Parque Real, Bauru": 109293.0,
    "Parque Residencial Castelo, Bauru": 407702.85714285716,
    "Parque Residencial Jardim Araruna, Bauru": 323500.0,
    "Parque Residencial Paineiras, Bauru": 4999500.0,
    "Parque Residencial Salerno (Nova Veneza), Sumaré": 364711.3,
    "Parque Roosevelt, Bauru": 312653.75,
    "Parque Santa Cecília, Bauru": 331074.0,
    "Parque Santa Cândida, Bauru": 267588.5714285714,
    "Parque Santa Edwiges, Bauru": 283525.65853658534,
    "Parque Santa Terezinha, Bauru": 319000.0,
    "Parque São Geraldo, Bauru": 601260.0,
    "Parque São João, Bauru": 415415.11627906974,
    "Parque União, Bauru": 333898.0,
    "Parque Val de Palmas, Bauru": 259549.0,
    "Parque Viaduto, Bauru": 339481.6666666667,
    "Parque Vista Alegre, Bauru": 550146.1224489796,
    "Parque da Matriz, Cachoeirinha": 374475.0,